--
-- PostgreSQL database dump
--

-- Dumped from database version 14.17 (Homebrew)
-- Dumped by pg_dump version 14.17 (Homebrew)

SET statement_timeout = 0;
SET lock_timeout = 0;
SET idle_in_transaction_session_timeout = 0;
SET client_encoding = 'UTF8';
SET standard_conforming_strings = on;
SELECT pg_catalog.set_config('search_path', '', false);
SET check_function_bodies = false;
SET xmloption = content;
SET client_min_messages = warning;
SET row_security = off;

SET default_tablespace = '';

SET default_table_access_method = heap;

--
-- Name: auth_group; Type: TABLE; Schema: public; Owner: ming_group_user
--

CREATE TABLE public.auth_group (
    id integer NOT NULL,
    name character varying(150) NOT NULL
);


ALTER TABLE public.auth_group OWNER TO ming_group_user;

--
-- Name: auth_group_id_seq; Type: SEQUENCE; Schema: public; Owner: ming_group_user
--

ALTER TABLE public.auth_group ALTER COLUMN id ADD GENERATED BY DEFAULT AS IDENTITY (
    SEQUENCE NAME public.auth_group_id_seq
    START WITH 1
    INCREMENT BY 1
    NO MINVALUE
    NO MAXVALUE
    CACHE 1
);


--
-- Name: auth_group_permissions; Type: TABLE; Schema: public; Owner: ming_group_user
--

CREATE TABLE public.auth_group_permissions (
    id bigint NOT NULL,
    group_id integer NOT NULL,
    permission_id integer NOT NULL
);


ALTER TABLE public.auth_group_permissions OWNER TO ming_group_user;

--
-- Name: auth_group_permissions_id_seq; Type: SEQUENCE; Schema: public; Owner: ming_group_user
--

ALTER TABLE public.auth_group_permissions ALTER COLUMN id ADD GENERATED BY DEFAULT AS IDENTITY (
    SEQUENCE NAME public.auth_group_permissions_id_seq
    START WITH 1
    INCREMENT BY 1
    NO MINVALUE
    NO MAXVALUE
    CACHE 1
);


--
-- Name: auth_permission; Type: TABLE; Schema: public; Owner: ming_group_user
--

CREATE TABLE public.auth_permission (
    id integer NOT NULL,
    name character varying(255) NOT NULL,
    content_type_id integer NOT NULL,
    codename character varying(100) NOT NULL
);


ALTER TABLE public.auth_permission OWNER TO ming_group_user;

--
-- Name: auth_permission_id_seq; Type: SEQUENCE; Schema: public; Owner: ming_group_user
--

ALTER TABLE public.auth_permission ALTER COLUMN id ADD GENERATED BY DEFAULT AS IDENTITY (
    SEQUENCE NAME public.auth_permission_id_seq
    START WITH 1
    INCREMENT BY 1
    NO MINVALUE
    NO MAXVALUE
    CACHE 1
);


--
-- Name: auth_user; Type: TABLE; Schema: public; Owner: ming_group_user
--

CREATE TABLE public.auth_user (
    id integer NOT NULL,
    password character varying(128) NOT NULL,
    last_login timestamp with time zone,
    is_superuser boolean NOT NULL,
    username character varying(150) NOT NULL,
    first_name character varying(150) NOT NULL,
    last_name character varying(150) NOT NULL,
    email character varying(254) NOT NULL,
    is_staff boolean NOT NULL,
    is_active boolean NOT NULL,
    date_joined timestamp with time zone NOT NULL
);


ALTER TABLE public.auth_user OWNER TO ming_group_user;

--
-- Name: auth_user_groups; Type: TABLE; Schema: public; Owner: ming_group_user
--

CREATE TABLE public.auth_user_groups (
    id bigint NOT NULL,
    user_id integer NOT NULL,
    group_id integer NOT NULL
);


ALTER TABLE public.auth_user_groups OWNER TO ming_group_user;

--
-- Name: auth_user_groups_id_seq; Type: SEQUENCE; Schema: public; Owner: ming_group_user
--

ALTER TABLE public.auth_user_groups ALTER COLUMN id ADD GENERATED BY DEFAULT AS IDENTITY (
    SEQUENCE NAME public.auth_user_groups_id_seq
    START WITH 1
    INCREMENT BY 1
    NO MINVALUE
    NO MAXVALUE
    CACHE 1
);


--
-- Name: auth_user_id_seq; Type: SEQUENCE; Schema: public; Owner: ming_group_user
--

ALTER TABLE public.auth_user ALTER COLUMN id ADD GENERATED BY DEFAULT AS IDENTITY (
    SEQUENCE NAME public.auth_user_id_seq
    START WITH 1
    INCREMENT BY 1
    NO MINVALUE
    NO MAXVALUE
    CACHE 1
);


--
-- Name: auth_user_user_permissions; Type: TABLE; Schema: public; Owner: ming_group_user
--

CREATE TABLE public.auth_user_user_permissions (
    id bigint NOT NULL,
    user_id integer NOT NULL,
    permission_id integer NOT NULL
);


ALTER TABLE public.auth_user_user_permissions OWNER TO ming_group_user;

--
-- Name: auth_user_user_permissions_id_seq; Type: SEQUENCE; Schema: public; Owner: ming_group_user
--

ALTER TABLE public.auth_user_user_permissions ALTER COLUMN id ADD GENERATED BY DEFAULT AS IDENTITY (
    SEQUENCE NAME public.auth_user_user_permissions_id_seq
    START WITH 1
    INCREMENT BY 1
    NO MINVALUE
    NO MAXVALUE
    CACHE 1
);


--
-- Name: companies_companymodel; Type: TABLE; Schema: public; Owner: ming_group_user
--

CREATE TABLE public.companies_companymodel (
    id bigint NOT NULL,
    title character varying(255) NOT NULL,
    description text,
    is_active boolean NOT NULL,
    is_deleted boolean NOT NULL,
    created_at timestamp with time zone NOT NULL,
    updated_at timestamp with time zone NOT NULL,
    group_id bigint,
    tagline character varying(255),
    logo_path character varying(255)
);


ALTER TABLE public.companies_companymodel OWNER TO ming_group_user;

--
-- Name: companies_companymodel_id_seq; Type: SEQUENCE; Schema: public; Owner: ming_group_user
--

ALTER TABLE public.companies_companymodel ALTER COLUMN id ADD GENERATED BY DEFAULT AS IDENTITY (
    SEQUENCE NAME public.companies_companymodel_id_seq
    START WITH 1
    INCREMENT BY 1
    NO MINVALUE
    NO MAXVALUE
    CACHE 1
);


--
-- Name: companies_footercontentmodel; Type: TABLE; Schema: public; Owner: ming_group_user
--

CREATE TABLE public.companies_footercontentmodel (
    id bigint NOT NULL,
    title character varying(255) NOT NULL,
    description text NOT NULL,
    is_active boolean NOT NULL,
    created_at timestamp with time zone NOT NULL,
    updated_at timestamp with time zone NOT NULL
);


ALTER TABLE public.companies_footercontentmodel OWNER TO ming_group_user;

--
-- Name: companies_footercontent_id_seq; Type: SEQUENCE; Schema: public; Owner: ming_group_user
--

ALTER TABLE public.companies_footercontentmodel ALTER COLUMN id ADD GENERATED BY DEFAULT AS IDENTITY (
    SEQUENCE NAME public.companies_footercontent_id_seq
    START WITH 1
    INCREMENT BY 1
    NO MINVALUE
    NO MAXVALUE
    CACHE 1
);


--
-- Name: companies_groupmodel; Type: TABLE; Schema: public; Owner: ming_group_user
--

CREATE TABLE public.companies_groupmodel (
    id bigint NOT NULL,
    name character varying(255) NOT NULL,
    description character varying(500),
    is_active boolean NOT NULL,
    is_deleted boolean NOT NULL,
    created_at timestamp with time zone NOT NULL,
    updated_at timestamp with time zone NOT NULL
);


ALTER TABLE public.companies_groupmodel OWNER TO ming_group_user;

--
-- Name: companies_groupmodel_id_seq; Type: SEQUENCE; Schema: public; Owner: ming_group_user
--

ALTER TABLE public.companies_groupmodel ALTER COLUMN id ADD GENERATED BY DEFAULT AS IDENTITY (
    SEQUENCE NAME public.companies_groupmodel_id_seq
    START WITH 1
    INCREMENT BY 1
    NO MINVALUE
    NO MAXVALUE
    CACHE 1
);


--
-- Name: companies_homepagecontentmodel; Type: TABLE; Schema: public; Owner: ming_group_user
--

CREATE TABLE public.companies_homepagecontentmodel (
    id bigint NOT NULL,
    title character varying(255) NOT NULL,
    content text NOT NULL,
    is_active boolean NOT NULL,
    created_at timestamp with time zone NOT NULL,
    updated_at timestamp with time zone NOT NULL
);


ALTER TABLE public.companies_homepagecontentmodel OWNER TO ming_group_user;

--
-- Name: companies_homepagecontentmodel_id_seq; Type: SEQUENCE; Schema: public; Owner: ming_group_user
--

ALTER TABLE public.companies_homepagecontentmodel ALTER COLUMN id ADD GENERATED BY DEFAULT AS IDENTITY (
    SEQUENCE NAME public.companies_homepagecontentmodel_id_seq
    START WITH 1
    INCREMENT BY 1
    NO MINVALUE
    NO MAXVALUE
    CACHE 1
);


--
-- Name: companies_maincompanymodel; Type: TABLE; Schema: public; Owner: ming_group_user
--

CREATE TABLE public.companies_maincompanymodel (
    id bigint NOT NULL,
    title character varying(255) NOT NULL,
    description text,
    address text,
    contact_email character varying(254),
    contact_phone character varying(50),
    is_active boolean NOT NULL,
    is_deleted boolean NOT NULL,
    created_at timestamp with time zone NOT NULL,
    updated_at timestamp with time zone NOT NULL,
    tagline character varying(255),
    logo_path character varying(255),
    our_story text
);


ALTER TABLE public.companies_maincompanymodel OWNER TO ming_group_user;

--
-- Name: companies_maincompanymodel_id_seq; Type: SEQUENCE; Schema: public; Owner: ming_group_user
--

ALTER TABLE public.companies_maincompanymodel ALTER COLUMN id ADD GENERATED BY DEFAULT AS IDENTITY (
    SEQUENCE NAME public.companies_maincompanymodel_id_seq
    START WITH 1
    INCREMENT BY 1
    NO MINVALUE
    NO MAXVALUE
    CACHE 1
);


--
-- Name: companies_storeaddressmodel; Type: TABLE; Schema: public; Owner: ming_group_user
--

CREATE TABLE public.companies_storeaddressmodel (
    id bigint NOT NULL,
    address text NOT NULL,
    opening_hours character varying(255) NOT NULL,
    email character varying(254),
    phone character varying(50),
    fax character varying(50),
    capacity character varying(100),
    is_active boolean NOT NULL,
    is_deleted boolean NOT NULL,
    created_at timestamp with time zone NOT NULL,
    updated_at timestamp with time zone NOT NULL,
    company_id bigint NOT NULL,
    store_name character varying(255) NOT NULL
);


ALTER TABLE public.companies_storeaddressmodel OWNER TO ming_group_user;

--
-- Name: companies_storeaddressmodel_id_seq; Type: SEQUENCE; Schema: public; Owner: ming_group_user
--

ALTER TABLE public.companies_storeaddressmodel ALTER COLUMN id ADD GENERATED BY DEFAULT AS IDENTITY (
    SEQUENCE NAME public.companies_storeaddressmodel_id_seq
    START WITH 1
    INCREMENT BY 1
    NO MINVALUE
    NO MAXVALUE
    CACHE 1
);


--
-- Name: companies_storegallerymodel; Type: TABLE; Schema: public; Owner: ming_group_user
--

CREATE TABLE public.companies_storegallerymodel (
    id bigint NOT NULL,
    images jsonb NOT NULL,
    description character varying(255),
    is_active boolean NOT NULL,
    is_deleted boolean NOT NULL,
    created_at timestamp with time zone NOT NULL,
    updated_at timestamp with time zone NOT NULL,
    store_id bigint NOT NULL
);


ALTER TABLE public.companies_storegallerymodel OWNER TO ming_group_user;

--
-- Name: companies_storegallerymodel_id_seq; Type: SEQUENCE; Schema: public; Owner: ming_group_user
--

ALTER TABLE public.companies_storegallerymodel ALTER COLUMN id ADD GENERATED BY DEFAULT AS IDENTITY (
    SEQUENCE NAME public.companies_storegallerymodel_id_seq
    START WITH 1
    INCREMENT BY 1
    NO MINVALUE
    NO MAXVALUE
    CACHE 1
);


--
-- Name: django_admin_log; Type: TABLE; Schema: public; Owner: ming_group_user
--

CREATE TABLE public.django_admin_log (
    id integer NOT NULL,
    action_time timestamp with time zone NOT NULL,
    object_id text,
    object_repr character varying(200) NOT NULL,
    action_flag smallint NOT NULL,
    change_message text NOT NULL,
    content_type_id integer,
    user_id integer NOT NULL,
    CONSTRAINT django_admin_log_action_flag_check CHECK ((action_flag >= 0))
);


ALTER TABLE public.django_admin_log OWNER TO ming_group_user;

--
-- Name: django_admin_log_id_seq; Type: SEQUENCE; Schema: public; Owner: ming_group_user
--

ALTER TABLE public.django_admin_log ALTER COLUMN id ADD GENERATED BY DEFAULT AS IDENTITY (
    SEQUENCE NAME public.django_admin_log_id_seq
    START WITH 1
    INCREMENT BY 1
    NO MINVALUE
    NO MAXVALUE
    CACHE 1
);


--
-- Name: django_content_type; Type: TABLE; Schema: public; Owner: ming_group_user
--

CREATE TABLE public.django_content_type (
    id integer NOT NULL,
    app_label character varying(100) NOT NULL,
    model character varying(100) NOT NULL
);


ALTER TABLE public.django_content_type OWNER TO ming_group_user;

--
-- Name: django_content_type_id_seq; Type: SEQUENCE; Schema: public; Owner: ming_group_user
--

ALTER TABLE public.django_content_type ALTER COLUMN id ADD GENERATED BY DEFAULT AS IDENTITY (
    SEQUENCE NAME public.django_content_type_id_seq
    START WITH 1
    INCREMENT BY 1
    NO MINVALUE
    NO MAXVALUE
    CACHE 1
);


--
-- Name: django_migrations; Type: TABLE; Schema: public; Owner: ming_group_user
--

CREATE TABLE public.django_migrations (
    id bigint NOT NULL,
    app character varying(255) NOT NULL,
    name character varying(255) NOT NULL,
    applied timestamp with time zone NOT NULL
);


ALTER TABLE public.django_migrations OWNER TO ming_group_user;

--
-- Name: django_migrations_id_seq; Type: SEQUENCE; Schema: public; Owner: ming_group_user
--

ALTER TABLE public.django_migrations ALTER COLUMN id ADD GENERATED BY DEFAULT AS IDENTITY (
    SEQUENCE NAME public.django_migrations_id_seq
    START WITH 1
    INCREMENT BY 1
    NO MINVALUE
    NO MAXVALUE
    CACHE 1
);


--
-- Name: django_session; Type: TABLE; Schema: public; Owner: ming_group_user
--

CREATE TABLE public.django_session (
    session_key character varying(40) NOT NULL,
    session_data text NOT NULL,
    expire_date timestamp with time zone NOT NULL
);


ALTER TABLE public.django_session OWNER TO ming_group_user;

--
-- Data for Name: auth_group; Type: TABLE DATA; Schema: public; Owner: ming_group_user
--

COPY public.auth_group (id, name) FROM stdin;
\.


--
-- Data for Name: auth_group_permissions; Type: TABLE DATA; Schema: public; Owner: ming_group_user
--

COPY public.auth_group_permissions (id, group_id, permission_id) FROM stdin;
\.


--
-- Data for Name: auth_permission; Type: TABLE DATA; Schema: public; Owner: ming_group_user
--

COPY public.auth_permission (id, name, content_type_id, codename) FROM stdin;
1	Can add log entry	1	add_logentry
2	Can change log entry	1	change_logentry
3	Can delete log entry	1	delete_logentry
4	Can view log entry	1	view_logentry
5	Can add permission	2	add_permission
6	Can change permission	2	change_permission
7	Can delete permission	2	delete_permission
8	Can view permission	2	view_permission
9	Can add group	3	add_group
10	Can change group	3	change_group
11	Can delete group	3	delete_group
12	Can view group	3	view_group
13	Can add user	4	add_user
14	Can change user	4	change_user
15	Can delete user	4	delete_user
16	Can view user	4	view_user
17	Can add content type	5	add_contenttype
18	Can change content type	5	change_contenttype
19	Can delete content type	5	delete_contenttype
20	Can view content type	5	view_contenttype
21	Can add session	6	add_session
22	Can change session	6	change_session
23	Can delete session	6	delete_session
24	Can view session	6	view_session
25	Can add company model	7	add_companymodel
26	Can change company model	7	change_companymodel
27	Can delete company model	7	delete_companymodel
28	Can view company model	7	view_companymodel
29	Can add group model	8	add_groupmodel
30	Can change group model	8	change_groupmodel
31	Can delete group model	8	delete_groupmodel
32	Can view group model	8	view_groupmodel
33	Can add main company model	9	add_maincompanymodel
34	Can change main company model	9	change_maincompanymodel
35	Can delete main company model	9	delete_maincompanymodel
36	Can view main company model	9	view_maincompanymodel
37	Can add store address model	10	add_storeaddressmodel
38	Can change store address model	10	change_storeaddressmodel
39	Can delete store address model	10	delete_storeaddressmodel
40	Can view store address model	10	view_storeaddressmodel
41	Can add store gallery model	11	add_storegallerymodel
42	Can change store gallery model	11	change_storegallerymodel
43	Can delete store gallery model	11	delete_storegallerymodel
44	Can view store gallery model	11	view_storegallerymodel
45	Can add home page content model	12	add_homepagecontentmodel
46	Can change home page content model	12	change_homepagecontentmodel
47	Can delete home page content model	12	delete_homepagecontentmodel
48	Can view home page content model	12	view_homepagecontentmodel
49	Can add footer content	13	add_footercontent
50	Can change footer content	13	change_footercontent
51	Can delete footer content	13	delete_footercontent
52	Can view footer content	13	view_footercontent
53	Can add footer content model	13	add_footercontentmodel
54	Can change footer content model	13	change_footercontentmodel
55	Can delete footer content model	13	delete_footercontentmodel
56	Can view footer content model	13	view_footercontentmodel
\.


--
-- Data for Name: auth_user; Type: TABLE DATA; Schema: public; Owner: ming_group_user
--

COPY public.auth_user (id, password, last_login, is_superuser, username, first_name, last_name, email, is_staff, is_active, date_joined) FROM stdin;
1	pbkdf2_sha256$600000$HUn9xQRKYtji5RisQHqP8h$cg3SgLxoueYipdISJ8ZuqFCMy4gKbF7cJKS7FeP/UCM=	2025-06-02 09:14:35.909233+02	t	ming_group_user				t	t	2025-01-16 10:52:55.838989+01
\.


--
-- Data for Name: auth_user_groups; Type: TABLE DATA; Schema: public; Owner: ming_group_user
--

COPY public.auth_user_groups (id, user_id, group_id) FROM stdin;
\.


--
-- Data for Name: auth_user_user_permissions; Type: TABLE DATA; Schema: public; Owner: ming_group_user
--

COPY public.auth_user_user_permissions (id, user_id, permission_id) FROM stdin;
\.


--
-- Data for Name: companies_companymodel; Type: TABLE DATA; Schema: public; Owner: ming_group_user
--

COPY public.companies_companymodel (id, title, description, is_active, is_deleted, created_at, updated_at, group_id, tagline, logo_path) FROM stdin;
1	Ming Dynastie East & West -  Authentic Chinese cuisine		t	f	2025-01-16 10:59:28.53202+01	2025-01-16 12:06:15.692718+01	1	No. 1 authentic Chinese cuisine in East and West Berlin	images/ming_dynastie_east_west_logo.webp
2	Ming Tastic - Fresh handmade Bao & Biang Biang noodles		t	f	2025-01-16 11:09:10.41702+01	2025-01-16 12:12:57.062902+01	1	Fresh Homemade Bao and handpulled noodles with an amazing view over the Berliner Zoo	images/ming_tastic_logo.webp
3	Biang Biang Ming - Fresh handpulled noodles		t	f	2025-01-16 11:11:01.390691+01	2025-01-16 12:13:16.102386+01	1	Fresh and Handmade Noodles and Dim Sum in Shaanxi Style	images/biang_biang_ming_logo.webp
4	Aroma - Authentisch, traditionell & kantonesisch		t	f	2025-01-16 11:16:54.567334+01	2025-01-16 12:13:34.340292+01	1	THE Cantonese Restaurant on Kantstraße with the Best Dim Sums in Berlin!	images/aroma_logo.webp
5	Han BBQ - Hottest K-BBQ in Berlin		t	f	2025-01-16 11:27:00.353648+01	2025-01-16 12:13:47.174685+01	2	Authentic Korean BBQ in Charlottemburg with built-in Grill	images/han_bbq_logo.png
6	Han Factory - Big Brother of Han BBQ		t	f	2025-01-16 11:27:00.372397+01	2025-01-16 12:14:01.331869+01	2	High-quality Korean BBQ with special menus and drinks, perfect for larger groups!	images/han_factory_logo.png
7	KTV Bar - Karaoke Bar		t	f	2025-01-16 11:27:00.372918+01	2025-01-16 12:14:13.692706+01	2	Fantastic and authentic karaoke bar with private rooms!	images/ktv_bar_logo.png
8	Soju Hanjan - First Pocha in Berlin		t	f	2025-01-16 11:32:42.4435+01	2025-01-16 12:14:30.108689+01	2	Berlin's 1st Soju Bar: Music, snacks, beverages, and the vibe just like in Korea	images/soju_hanjan_logo.jpeg
9	Coffee Hanjan - Authentic Korean Cafe		t	f	2025-01-16 11:33:04.39491+01	2025-01-16 12:14:55.108015+01	2	Coziest Korean cafe in Berlin with authentic snacks and drinks!	images/coffee_hanjan_logo.png
\.


--
-- Data for Name: companies_footercontentmodel; Type: TABLE DATA; Schema: public; Owner: ming_group_user
--

COPY public.companies_footercontentmodel (id, title, description, is_active, created_at, updated_at) FROM stdin;
2	Datenschutz	Herzlich Willkommen zu deiner Datenschutzrichtlinie. Bitte beachte, dass der Inhalt dieser Seite lediglich als Platzhalter dient und keine gültige Datenschutzrichtlinie darstellt. Es liegt in deiner Verantwortung, eine Datenschutzrichtlinie für deine Website zu erstellen und zu veröffentlichen, die den geltenden Gesetzen und Vorschriften entspricht.\r\n\r\nFalls dir die Erstellung einer Datenschutzrichtlinie zu aufwendig ist, bietet Jimdo eine Lösung an. Jimdo hat sich mit Trusted Shops zusammengetan und bietet das Add-On "Rechtstexte-Generator" an. Mit dem Rechtstexte-Generator kannst du individuelle Rechtstexte für deine Website und deinen Shop erstellen. Die Texte werden automatisch in deine Website eingebunden und bei jeder Gesetzesänderung aktualisiert. Falls doch einmal etwas schiefgehen sollte, bist du durch den hervorragenden Abmahnschutz von Trusted Shops abgesichert. Klicke hier für weitere Informationen.	t	2025-01-17 12:27:10.004098+01	2025-01-17 12:33:30.450937+01
3	Cookie Policy	This website uses cookies. Further information about the types of cookies can be found under the respective categories. Individual cookies can also be activated there. The cookie settings can be adjusted at any time via the link in the footer of this website.\r\nAbsolutely necessary\r\nStrictly necessary cookies enable basic functions and are required for the website to work properly, so they cannot be deactivated. This type of cookie is used exclusively by the website operator (first-party cookie) and all information stored in the cookies is only sent to this website.\r\n\r\nCloudflare\r\nCloudflare is a service that increases the security and speed of websites. Cloudflare offers a content delivery network ("CDN") to improve website loading times. The use of a CDN enables the user to provide content for faster retrieval using regionally or internationally distributed servers. Provider: Cloudflare Inc., 101 Townsend St, San Francisco, CA 94107 USA Cookie names and storage duration: __cfruid (storage duration: session), __cf_bm (storage duration: 30 minutes), __cf_clearance (storage duration: 30 minutes)\r\nCookie Policy\r\nprivacy policy\r\nFunctional\r\nFunctional cookies enable this website to provide certain functions and to store information entered by the user - for example, previously registered names or language selection. This ensures improved and personalized functions.\r\nNo cookies in this category\r\nMarketing / Third Party\r\nMarketing/third-party cookies come from external advertising companies, among others, and are used to collect information about the websites visited by the user in order to, for example, create targeted advertising for the user.\r\nNo cookies in this category	t	2025-01-17 12:30:16.460446+01	2025-06-02 09:21:41.417205+02
1	Impressum	<p><strong>Angaben gemäß § 5 TMG</strong></p>\r\n\r\n<p>Ming Investment Consulting GmbH<br>\r\nGabriele-Tergit-Promenade 21<br>\r\n10963 Berlin<br>\r\nDeutschland</p>\r\n\r\n<p><strong>Vertreten durch:</strong><br>\r\nNick Fu (Geschäftsführer)</p>\r\n\r\n<p><strong>Kontakt:</strong><br>\r\nTelefon: +49 163 166 0359<br>\r\nE-Mail: <a href="mailto:nickfu@ming-gruppe.de">nickfu@ming-gruppe.de</a><br>\r\nInternet: <a href="https://www.ming-gruppe.de" target="_blank">www.ming-gruppe.de</a></p>\r\n\r\n<p><strong>Registereintrag:</strong><br>\r\nEintragung im Handelsregister<br>\r\nRegistergericht: Amtsgericht Charlottenburg<br>\r\nRegisternummer: HRB 117185 B</p>	t	2025-01-17 12:26:37.991188+01	2025-06-02 09:20:30.971471+02
\.


--
-- Data for Name: companies_groupmodel; Type: TABLE DATA; Schema: public; Owner: ming_group_user
--

COPY public.companies_groupmodel (id, name, description, is_active, is_deleted, created_at, updated_at) FROM stdin;
1	Ming Family - Chinese Gastro	\N	t	f	2025-01-16 10:58:36.068031+01	2025-01-16 10:58:36.068052+01
2	Han Family - Korean Gastro	\N	t	f	2025-01-16 10:58:47.241771+01	2025-01-16 10:58:47.241813+01
\.


--
-- Data for Name: companies_homepagecontentmodel; Type: TABLE DATA; Schema: public; Owner: ming_group_user
--

COPY public.companies_homepagecontentmodel (id, title, content, is_active, created_at, updated_at) FROM stdin;
1	Our Values	Our name "Ming" not only symbolizes a popular Chinese boy's name, but also the unity of the sun and moon, embodied by light, clarity, and beauty \r\n- values that are dear to our hearts.	t	2025-01-17 11:58:51.453784+01	2025-01-17 11:58:51.453791+01
2	Our Vision	We are a successful family-run business in the food and beverage industry, based in Berlin-Mitte. With 9 establishments and an exciting growth trajectory, we plan to open ten more locations in the next 3 years and achieve an annual revenue in the double-digit millions.	t	2025-01-17 11:59:10.299744+01	2025-01-17 11:59:10.299758+01
3	Our Team	We love what we do and are constantly looking for motivated individuals who share our vision and want to achieve great things together with us. Interested in joining our team and shaping the future of the culinary industry? \r\nLet's work together and build something special!	t	2025-01-17 11:59:23.605511+01	2025-01-17 11:59:23.60557+01
\.


--
-- Data for Name: companies_maincompanymodel; Type: TABLE DATA; Schema: public; Owner: ming_group_user
--

COPY public.companies_maincompanymodel (id, title, description, address, contact_email, contact_phone, is_active, is_deleted, created_at, updated_at, tagline, logo_path, our_story) FROM stdin;
1	Ming Group	The Ming Group, a popular business in the food and beverage industry, was founded in 2003 by Yue Hua Chen and Meng Hsiung Fu with the successful Ming Dynastie restaurant in Berlin. Since then, the group has expanded into various Asian cuisines, including Korean, and has added several restaurants and food stalls to its portfolio. Today, under the leadership of the second generation, the Ming Group continues to pursue excellence and innovation in the culinary world.		\N	\N	t	f	2025-01-16 10:57:54.535116+01	2025-01-16 16:02:12.309475+01	Asian Cuisine at its finest since 2003.	images/ming_group_logo.webp	Welcome to the Ming Group, a Berlin-based collective with a proud 40-year history in the food and beverage industry, renowned for exceptional culinary experiences. Founded by Mrs. Chen and Mr. Fu in 2003 with the opening of the first Ming Dynastie at Brückenstraße 6, across the Chinese embassy, the founder's roots stem from the Fangshan and Fushan Townships of the Qingtian County within in the Zhejiang province. It is located near the city of Wenzhou which known for the production of buttons. Therefore, a lot of culinary roots within the Ming Group are from this area like the Qingtian Pancake on the Menu of Ming Dynastie.  The founders began as dishwashers and waiters in Germany back in the 1980s, as the Qingtian County has one of the biggest overseas population in the West. Overcoming early challenges like being thrown out of supposedly their own restaurant, their hard work and passion for authentic Chinese flavors fueled the growth what has become a thriving business network.\r\n\r\n\r\nNow operating ten locations across Berlin. This growth includes the addition of Korean restaurants like Han BBQ, Coffee Hanjan, and Han Factory, which have broadened the group's culinary landscape beyond Chinese cuisine. Despite the hurdles faced along the way, each venture has provided invaluable lessons, helping refine the group’s approach and strengthen its commitment to quality.\r\n\r\n\r\nOur team is the heart of the Ming Group. Talented chefs craft each dish with creativity and expertise, while our friendly service staff strives to make every visit memorable. We combine traditional hospitality with constant innovation, ensuring that every dish and service reflect our dedication to excellence.\r\n\r\n\r\nLooking ahead, the Ming Group is driven by a commitment to continuous learning and sustainable success. Whether at full service restaurants like Ming Dynastie or fast-casual brands like MingTastic and Biang Biang Ming, our goal is to offer culinary delights that bring a sense of home to each of our guests. Tradition, quality, and passion are at the core of everything we do, and our vision for the future is one of growth, excellence, and culinary innovation.
\.


--
-- Data for Name: companies_storeaddressmodel; Type: TABLE DATA; Schema: public; Owner: ming_group_user
--

COPY public.companies_storeaddressmodel (id, address, opening_hours, email, phone, fax, capacity, is_active, is_deleted, created_at, updated_at, company_id, store_name) FROM stdin;
1	Jannowitzbrücke/ Jannowitz-Center\r\nBrückenstr. 6, 10179 Berlin	Mon - Sun: 12 PM - 10 PM	mingeast@ming-group.de	+49 30 - 308 756 80	+49 30 - 308 756 81	160 people + 100 summer terrace	t	f	2025-01-16 11:07:27.8858+01	2025-01-16 11:07:27.885836+01	1	Ming East
2	Zoologischer Garten/Europa-Center\r\nTauentzienstr. 9-12, 10789 Berlin	Mon - Sun: 12 PM - 10 PM	mingwest@ming-group.de	030 - 257 598 86	030 - 25 759 899	180 people	t	f	2025-01-16 11:08:19.746702+01	2025-01-16 11:08:19.746728+01	1	Ming West
3	Kantini at Bikini, Budapester Str. 38-50, 10787 Berlin	Mon - Sat: 12 PM - 8 PM	mingtastic@ming-dynastie.de	0157 3952 4544	\N	food court	t	f	2025-01-16 11:10:15.620134+01	2025-01-16 11:10:15.620177+01	2	None
5	Kantstr. 35, 10625 Berlin	Mon - Thu: 12PM - 12AM , Fri - Sun: 12 PM - 3 AM	\N	030 37591628	/	100 people	t	f	2025-01-16 11:18:48.195519+01	2025-01-16 11:20:34.738343+01	4	Aroma GmbH
6	Kantstr. 120/121, 10625 Berlin	Mon - Sat: 5 PM - 10 PM , Sun: 6:30 PM - 10 PM	info@han.berlin	\N	/	30	t	f	2025-01-16 11:34:47.557839+01	2025-01-16 11:34:47.557839+01	5	Han BBQ
7	Tauentzienstr. 9-12, 10789 Berlin	Mon - Sun: 12 PM - 10 PM	\N	+4917684035961	\N	90 people	t	f	2025-01-16 11:34:47.568879+01	2025-01-16 11:34:47.568879+01	6	Han Factory
8	Kantstr. 120/121, 10625 Berlin	Mon - Sun: 7 PM - 3 AM	info@han.berlin	+4917672181842	\N	40 people	t	f	2025-01-16 11:34:47.569251+01	2025-01-16 11:34:47.569251+01	7	KTV Bar
9	Kantstr. 120/121, 10625 Berlin	Fri - Sun: 7 PM - 1 AM	\N	+4917672181842	\N	25 people	t	f	2025-01-16 11:34:47.569638+01	2025-01-16 11:34:47.569638+01	8	Soju Hanjan
10	Budapester Straße 43, 10787 Berlin	Mon - Sun: 11 AM - 8 PM	\N	+491601204576	\N	40	t	f	2025-01-16 11:34:47.570101+01	2025-01-16 11:34:47.570101+01	9	Coffee Hanjan
4	SSC, Walther-Schreiber-Platz 1, 12161 Berlin	Mon - Sat: 12 PM - 8 PM	info@ming-dynastie.de	+49 176 668 015 33	\N	15-20 people + food court	t	f	2025-01-16 11:12:12.711362+01	2025-01-17 11:07:21.644535+01	3	None
\.


--
-- Data for Name: companies_storegallerymodel; Type: TABLE DATA; Schema: public; Owner: ming_group_user
--

COPY public.companies_storegallerymodel (id, images, description, is_active, is_deleted, created_at, updated_at, store_id) FROM stdin;
1	["images/ming_east_gallery_1.jpg", "images/ming_east_gallery_2.jpg", "images/ming_east_gallery_3.jpg", "images/ming_east_gallery_4.jpg", "images/ming_east_gallery_5.jpg", "images/ming_east_gallery_6.jpg", "images/ming_east_gallery_7.jpg"]	\N	t	f	2025-01-17 10:04:06.02971+01	2025-01-17 10:04:06.029737+01	1
2	["images/ming_west_gallery_1.jpg", "images/ming_west_gallery_2.jpg", "images/ming_west_gallery_3.jpg", "images/ming_west_gallery_4.jpg", "images/ming_west_gallery_5.jpg", "images/ming_west_gallery_6.jpg", "images/ming_west_gallery_7.jpg"]	\N	t	f	2025-01-17 10:29:15.519887+01	2025-01-17 10:29:15.5199+01	2
3	["images/ming_tastic_gallery_1.jpg", "images/ming_tastic_gallery_2.jpg", "images/ming_tastic_gallery_3.jpg", "images/ming_tastic_gallery_4.jpg", "images/ming_tastic_gallery_5.jpg", "images/ming_tastic_gallery_6.jpg", "images/ming_tastic_gallery_7.jpg"]	\N	t	f	2025-01-17 10:29:55.223574+01	2025-01-17 10:29:55.223584+01	3
4	["images/biang_gallery_1.jpg", "images/biang_gallery_2.jpg", "images/biang_gallery_3.jpg", "images/biang_gallery_4.jpg", "images/biang_gallery_5.jpg", "images/biang_gallery_6.jpg", "images/biang_gallery_7.jpg"]	\N	t	f	2025-01-17 10:30:52.995575+01	2025-01-17 10:30:52.995599+01	4
5	["images/aroma_gallery_1.webp", "images/aroma_gallery_2.webp", "images/aroma_gallery_3.webp", "images/aroma_gallery_4.webp", "images/aroma_gallery_5.webp", "images/aroma_gallery_6.webp", "images/aroma_gallery_7.webp"]	\N	t	f	2025-01-17 10:32:03.909613+01	2025-01-17 10:32:03.909624+01	5
6	["images/han_bbq_gallery_1.jpg", "images/han_bbq_gallery_2.jpg", "images/han_bbq_gallery_3.jpg", "images/han_bbq_gallery_4.jpg", "images/han_bbq_gallery_5.jpg", "images/han_bbq_gallery_6.jpg", "images/han_bbq_gallery_7.jpg"]	\N	t	f	2025-01-17 10:32:43.598116+01	2025-01-17 10:32:43.598138+01	6
7	["images/han_factory_gallery_1.jpg", "images/han_factory_gallery_2.jpg", "images/han_factory_gallery_3.jpg", "images/han_factory_gallery_4.jpg", "images/han_factory_gallery_5.jpg", "images/han_factory_gallery_6.jpg", "images/han_factory_gallery_7.jpg"]	\N	t	f	2025-01-17 10:33:22.875633+01	2025-01-17 10:33:22.875641+01	7
8	["images/ktv_bar_gallery_1.webp", "images/ktv_bar_gallery_2.webp", "images/ktv_bar_gallery_3.webp", "images/ktv_bar_gallery_4.webp", "images/ktv_bar_gallery_5.webp", "images/ktv_bar_gallery_6.webp", "images/ktv_bar_gallery_7.webp"]	\N	t	f	2025-01-17 10:34:17.102624+01	2025-01-17 10:34:17.102657+01	8
9	["images/coffee_hanjan_gallery_1.jpg", "images/coffee_hanjan_gallery_2.jpg", "images/coffee_hanjan_gallery_3.jpg", "images/coffee_hanjan_gallery_4.jpg", "images/coffee_hanjan_gallery_5.jpg", "images/coffee_hanjan_gallery_6.jpg", "images/coffee_hanjan_gallery_7.jpg"]	\N	t	f	2025-01-17 10:35:18.015156+01	2025-01-17 10:35:18.015174+01	10
\.


--
-- Data for Name: django_admin_log; Type: TABLE DATA; Schema: public; Owner: ming_group_user
--

COPY public.django_admin_log (id, action_time, object_id, object_repr, action_flag, change_message, content_type_id, user_id) FROM stdin;
1	2025-01-16 10:57:54.548649+01	1	Ming Group	1	[{"added": {}}]	9	1
2	2025-01-16 10:58:36.072029+01	1	Ming Family - Chinese Gastro	1	[{"added": {}}]	8	1
3	2025-01-16 10:58:47.244079+01	2	Han Family - Korean Gastro	1	[{"added": {}}]	8	1
4	2025-01-16 10:59:28.536864+01	1	Ming Dynastie East & West -  Authentic Chinese cuisine	1	[{"added": {}}]	7	1
5	2025-01-16 11:07:27.891741+01	1	Ming Dynastie East & West -  Authentic Chinese cuisine - Jannowitzbrücke/ Jannowitz-Center\r\nBrückenstr. 6, 10179 Berlin	1	[{"added": {}}]	10	1
6	2025-01-16 11:08:19.749395+01	2	Ming Dynastie East & West -  Authentic Chinese cuisine - Zoologischer Garten/Europa-Center\r\nTauentzienstr. 9-12, 10789 Berlin	1	[{"added": {}}]	10	1
7	2025-01-16 11:09:10.421229+01	2	Ming Tastic - Fresh handmade Bao & Biang Biang noodles	1	[{"added": {}}]	7	1
8	2025-01-16 11:10:15.62374+01	3	Ming Tastic - Fresh handmade Bao & Biang Biang noodles - Kantini at Bikini, Budapester Str. 38-50, 10787 Berlin	1	[{"added": {}}]	10	1
9	2025-01-16 11:11:01.393215+01	3	Biang Biang Ming - Fresh handpulled noodles	1	[{"added": {}}]	7	1
10	2025-01-16 11:12:12.713663+01	4	Biang Biang Ming - Fresh handpulled noodles - SSC, Walther-Schreiber-Platz 1, 12161 Berlin	1	[{"added": {}}]	10	1
11	2025-01-16 11:19:40.625176+01	4	Aroma - Authentisch, traditionell & kantonesisch	2	[{"changed": {"fields": ["Group", "Logo"]}}]	7	1
12	2025-01-16 11:20:34.741838+01	5	Aroma - Authentisch, traditionell & kantonesisch - Kantstr. 35, 10625 Berlin	2	[{"changed": {"fields": ["Company", "Store name"]}}]	10	1
13	2025-01-16 11:43:01.106514+01	5	Han BBQ - Hottest K-BBQ in Berlin	2	[{"changed": {"fields": ["Logo"]}}]	7	1
14	2025-01-16 11:43:19.612732+01	7	KTV Bar - Karaoke Bar	2	[{"changed": {"fields": ["Logo"]}}]	7	1
15	2025-01-16 11:44:50.39249+01	6	Han Factory - Big Brother of Han BBQ	2	[{"changed": {"fields": ["Logo"]}}]	7	1
16	2025-01-16 11:45:39.758358+01	8	Soju Hanjan - First Pocha in Berlin	2	[{"changed": {"fields": ["Logo"]}}]	7	1
17	2025-01-16 11:46:38.323444+01	9	Coffee Hanjan - Authentic Korean Cafe	2	[{"changed": {"fields": ["Logo"]}}]	7	1
18	2025-01-16 11:59:00.732088+01	1	Ming Group	2	[{"changed": {"fields": ["Logo path"]}}]	9	1
19	2025-01-16 12:06:15.719775+01	1	Ming Dynastie East & West -  Authentic Chinese cuisine	2	[{"changed": {"fields": ["Logo path"]}}]	7	1
20	2025-01-16 12:12:57.06549+01	2	Ming Tastic - Fresh handmade Bao & Biang Biang noodles	2	[{"changed": {"fields": ["Logo path"]}}]	7	1
21	2025-01-16 12:13:16.171606+01	3	Biang Biang Ming - Fresh handpulled noodles	2	[{"changed": {"fields": ["Logo path"]}}]	7	1
22	2025-01-16 12:13:34.342248+01	4	Aroma - Authentisch, traditionell & kantonesisch	2	[{"changed": {"fields": ["Logo path"]}}]	7	1
23	2025-01-16 12:13:47.175651+01	5	Han BBQ - Hottest K-BBQ in Berlin	2	[{"changed": {"fields": ["Logo path"]}}]	7	1
24	2025-01-16 12:14:01.334754+01	6	Han Factory - Big Brother of Han BBQ	2	[{"changed": {"fields": ["Logo path"]}}]	7	1
25	2025-01-16 12:14:13.694662+01	7	KTV Bar - Karaoke Bar	2	[{"changed": {"fields": ["Logo path"]}}]	7	1
26	2025-01-16 12:14:30.109977+01	8	Soju Hanjan - First Pocha in Berlin	2	[{"changed": {"fields": ["Logo path"]}}]	7	1
27	2025-01-16 12:14:55.1097+01	9	Coffee Hanjan - Authentic Korean Cafe	2	[{"changed": {"fields": ["Logo path"]}}]	7	1
28	2025-01-16 16:02:12.313396+01	1	Ming Group	2	[{"changed": {"fields": ["Our story"]}}]	9	1
29	2025-01-17 10:04:06.073532+01	1	Gallery for Ming East	1	[{"added": {}}]	11	1
30	2025-01-17 10:29:15.523471+01	2	Gallery for Ming West	1	[{"added": {}}]	11	1
31	2025-01-17 10:29:55.227889+01	3	Gallery for None	1	[{"added": {}}]	11	1
32	2025-01-17 10:30:52.99756+01	4	Gallery for None	1	[{"added": {}}]	11	1
33	2025-01-17 10:32:03.910832+01	5	Gallery for Aroma GmbH	1	[{"added": {}}]	11	1
34	2025-01-17 10:32:43.601949+01	6	Gallery for Han BBQ	1	[{"added": {}}]	11	1
35	2025-01-17 10:33:22.876741+01	7	Gallery for Han Factory	1	[{"added": {}}]	11	1
36	2025-01-17 10:34:17.105388+01	8	Gallery for KTV Bar	1	[{"added": {}}]	11	1
37	2025-01-17 10:35:18.018053+01	9	Gallery for Coffee Hanjan	1	[{"added": {}}]	11	1
38	2025-01-17 11:07:00.148748+01	4	Biang Biang Ming - Fresh handpulled noodles - SSC, Walther-Schreiber-Platz 1, 12161 Berlin	2	[{"changed": {"fields": ["Store name"]}}]	10	1
39	2025-01-17 11:07:21.66501+01	4	Biang Biang Ming - Fresh handpulled noodles - SSC, Walther-Schreiber-Platz 1, 12161 Berlin	2	[{"changed": {"fields": ["Store name"]}}]	10	1
40	2025-01-17 11:58:51.458863+01	1	Our Values	1	[{"added": {}}]	12	1
41	2025-01-17 11:59:10.303281+01	2	Our Vision	1	[{"added": {}}]	12	1
42	2025-01-17 11:59:23.607389+01	3	Our Team	1	[{"added": {}}]	12	1
43	2025-01-17 12:26:37.99962+01	1	Impressum	1	[{"added": {}}]	13	1
44	2025-01-17 12:27:10.008115+01	2	Wichtiger Hinweis zu der Datenschutzrichtlinie	1	[{"added": {}}]	13	1
45	2025-01-17 12:30:16.465176+01	3	Cookie Policy	1	[{"added": {}}]	13	1
46	2025-01-17 12:33:30.480805+01	2	Datenschutz	2	[{"changed": {"fields": ["Title"]}}]	13	1
47	2025-06-02 09:14:53.228744+02	1	Impressum	2	[{"changed": {"fields": ["Description"]}}]	13	1
48	2025-06-02 09:20:17.601868+02	1	Impressum	2	[{"changed": {"fields": ["Description"]}}]	13	1
49	2025-06-02 09:20:30.972692+02	1	Impressum	2	[{"changed": {"fields": ["Description"]}}]	13	1
50	2025-06-02 09:21:41.418291+02	3	Cookie Policy	2	[{"changed": {"fields": ["Description"]}}]	13	1
\.


--
-- Data for Name: django_content_type; Type: TABLE DATA; Schema: public; Owner: ming_group_user
--

COPY public.django_content_type (id, app_label, model) FROM stdin;
1	admin	logentry
2	auth	permission
3	auth	group
4	auth	user
5	contenttypes	contenttype
6	sessions	session
7	companies	companymodel
8	companies	groupmodel
9	companies	maincompanymodel
10	companies	storeaddressmodel
11	companies	storegallerymodel
12	companies	homepagecontentmodel
13	companies	footercontentmodel
\.


--
-- Data for Name: django_migrations; Type: TABLE DATA; Schema: public; Owner: ming_group_user
--

COPY public.django_migrations (id, app, name, applied) FROM stdin;
1	contenttypes	0001_initial	2025-01-16 10:42:33.949727+01
2	auth	0001_initial	2025-01-16 10:42:34.011058+01
3	admin	0001_initial	2025-01-16 10:42:34.02458+01
4	admin	0002_logentry_remove_auto_add	2025-01-16 10:42:34.028774+01
5	admin	0003_logentry_add_action_flag_choices	2025-01-16 10:42:34.03282+01
6	contenttypes	0002_remove_content_type_name	2025-01-16 10:42:34.04294+01
7	auth	0002_alter_permission_name_max_length	2025-01-16 10:42:34.047007+01
8	auth	0003_alter_user_email_max_length	2025-01-16 10:42:34.052199+01
9	auth	0004_alter_user_username_opts	2025-01-16 10:42:34.056638+01
10	auth	0005_alter_user_last_login_null	2025-01-16 10:42:34.061779+01
11	auth	0006_require_contenttypes_0002	2025-01-16 10:42:34.06338+01
12	auth	0007_alter_validators_add_error_messages	2025-01-16 10:42:34.067147+01
13	auth	0008_alter_user_username_max_length	2025-01-16 10:42:34.077296+01
14	auth	0009_alter_user_last_name_max_length	2025-01-16 10:42:34.081759+01
15	auth	0010_alter_group_name_max_length	2025-01-16 10:42:34.088038+01
16	auth	0011_update_proxy_permissions	2025-01-16 10:42:34.092838+01
17	auth	0012_alter_user_first_name_max_length	2025-01-16 10:42:34.097794+01
19	sessions	0001_initial	2025-01-16 10:42:34.137553+01
21	companies	0001_initial	2025-01-16 10:50:43.618992+01
22	companies	0002_companymodel_tagline_maincompanymodel_tagline	2025-01-16 10:50:43.62246+01
23	companies	0003_storeaddressmodel_store_name	2025-01-16 11:05:49.671833+01
24	companies	0004_remove_maincompanymodel_logo_and_more	2025-01-16 11:57:52.430853+01
25	companies	0005_remove_companymodel_logo_companymodel_logo_path	2025-01-16 12:01:08.542246+01
26	companies	0006_maincompanymodel_our_story	2025-01-16 16:01:42.239328+01
27	companies	0007_storegallerymodel	2025-01-17 09:58:12.404133+01
28	companies	0008_homepagecontentmodel	2025-01-17 11:56:51.362477+01
30	companies	0009_footercontent	2025-01-17 12:15:24.714447+01
31	companies	0010_rename_footercontent_footercontentmodel	2025-01-17 12:15:24.727974+01
\.


--
-- Data for Name: django_session; Type: TABLE DATA; Schema: public; Owner: ming_group_user
--

COPY public.django_session (session_key, session_data, expire_date) FROM stdin;
ymq3yy7jideqhbk95k8r57demywdtevz	.eJxVjMsKwyAQAP_FcxHFV-yx936DrO5uTVsMxOQU-u9FyKG9zgxziAT7VtPeaU0ziqvQ4vLLMpQXtSHwCe2xyLK0bZ2zHIk8bZf3Bel9O9u_QYVex9ZFS1qR9yUHjKyj9cGGgo61yhG1ChzIGcMOJ-2NR-DiAvuJbQRi8fkC05s39w:1tYMYf:4CPNtB1pX6ikxZxq50zv8RbmRbnzhGnyOJkd3_1ipM0	2025-01-30 10:53:01.927203+01
bs0bjtgew7sbeny2eokhf7uwbrf2lly1	.eJxVjMsKwyAQAP_FcxHFV-yx936DrO5uTVsMxOQU-u9FyKG9zgxziAT7VtPeaU0ziqvQ4vLLMpQXtSHwCe2xyLK0bZ2zHIk8bZf3Bel9O9u_QYVex9ZFS1qR9yUHjKyj9cGGgo61yhG1ChzIGcMOJ-2NR-DiAvuJbQRi8fkC05s39w:1tYiCQ:3nodK6gOZ30-Ivsl3p5GWbMHY-yovRHpzoll_2SOHRg	2025-01-31 09:59:30.913264+01
0xk5egzcl8n3fnha36e1l988poht0d26	.eJxVjMsKwyAQAP_FcxHFV-yx936DrO5uTVsMxOQU-u9FyKG9zgxziAT7VtPeaU0ziqvQ4vLLMpQXtSHwCe2xyLK0bZ2zHIk8bZf3Bel9O9u_QYVex9ZFS1qR9yUHjKyj9cGGgo61yhG1ChzIGcMOJ-2NR-DiAvuJbQRi8fkC05s39w:1uD0j8:pDF6_bDp0K0DKrOmcPm6FIcj6Cwk9aCJy8s_4v2Qt8g	2025-05-22 14:51:50.69715+02
232dekcwqezqdx0bcp5acjjxnn798onu	.eJxVjMsKwyAQAP_FcxHFV-yx936DrO5uTVsMxOQU-u9FyKG9zgxziAT7VtPeaU0ziqvQ4vLLMpQXtSHwCe2xyLK0bZ2zHIk8bZf3Bel9O9u_QYVex9ZFS1qR9yUHjKyj9cGGgo61yhG1ChzIGcMOJ-2NR-DiAvuJbQRi8fkC05s39w:1uLzNT:cayOL5R1nKMrjOIJyTyBr9QO_qI0Yy-_FQBNxseskqM	2025-06-16 09:14:35.913579+02
\.


--
-- Name: auth_group_id_seq; Type: SEQUENCE SET; Schema: public; Owner: ming_group_user
--

SELECT pg_catalog.setval('public.auth_group_id_seq', 1, false);


--
-- Name: auth_group_permissions_id_seq; Type: SEQUENCE SET; Schema: public; Owner: ming_group_user
--

SELECT pg_catalog.setval('public.auth_group_permissions_id_seq', 1, false);


--
-- Name: auth_permission_id_seq; Type: SEQUENCE SET; Schema: public; Owner: ming_group_user
--

SELECT pg_catalog.setval('public.auth_permission_id_seq', 56, true);


--
-- Name: auth_user_groups_id_seq; Type: SEQUENCE SET; Schema: public; Owner: ming_group_user
--

SELECT pg_catalog.setval('public.auth_user_groups_id_seq', 1, false);


--
-- Name: auth_user_id_seq; Type: SEQUENCE SET; Schema: public; Owner: ming_group_user
--

SELECT pg_catalog.setval('public.auth_user_id_seq', 1, true);


--
-- Name: auth_user_user_permissions_id_seq; Type: SEQUENCE SET; Schema: public; Owner: ming_group_user
--

SELECT pg_catalog.setval('public.auth_user_user_permissions_id_seq', 1, false);


--
-- Name: companies_companymodel_id_seq; Type: SEQUENCE SET; Schema: public; Owner: ming_group_user
--

SELECT pg_catalog.setval('public.companies_companymodel_id_seq', 9, true);


--
-- Name: companies_footercontent_id_seq; Type: SEQUENCE SET; Schema: public; Owner: ming_group_user
--

SELECT pg_catalog.setval('public.companies_footercontent_id_seq', 3, true);


--
-- Name: companies_groupmodel_id_seq; Type: SEQUENCE SET; Schema: public; Owner: ming_group_user
--

SELECT pg_catalog.setval('public.companies_groupmodel_id_seq', 2, true);


--
-- Name: companies_homepagecontentmodel_id_seq; Type: SEQUENCE SET; Schema: public; Owner: ming_group_user
--

SELECT pg_catalog.setval('public.companies_homepagecontentmodel_id_seq', 3, true);


--
-- Name: companies_maincompanymodel_id_seq; Type: SEQUENCE SET; Schema: public; Owner: ming_group_user
--

SELECT pg_catalog.setval('public.companies_maincompanymodel_id_seq', 1, true);


--
-- Name: companies_storeaddressmodel_id_seq; Type: SEQUENCE SET; Schema: public; Owner: ming_group_user
--

SELECT pg_catalog.setval('public.companies_storeaddressmodel_id_seq', 10, true);


--
-- Name: companies_storegallerymodel_id_seq; Type: SEQUENCE SET; Schema: public; Owner: ming_group_user
--

SELECT pg_catalog.setval('public.companies_storegallerymodel_id_seq', 9, true);


--
-- Name: django_admin_log_id_seq; Type: SEQUENCE SET; Schema: public; Owner: ming_group_user
--

SELECT pg_catalog.setval('public.django_admin_log_id_seq', 50, true);


--
-- Name: django_content_type_id_seq; Type: SEQUENCE SET; Schema: public; Owner: ming_group_user
--

SELECT pg_catalog.setval('public.django_content_type_id_seq', 13, true);


--
-- Name: django_migrations_id_seq; Type: SEQUENCE SET; Schema: public; Owner: ming_group_user
--

SELECT pg_catalog.setval('public.django_migrations_id_seq', 31, true);


--
-- Name: auth_group auth_group_name_key; Type: CONSTRAINT; Schema: public; Owner: ming_group_user
--

ALTER TABLE ONLY public.auth_group
    ADD CONSTRAINT auth_group_name_key UNIQUE (name);


--
-- Name: auth_group_permissions auth_group_permissions_group_id_permission_id_0cd325b0_uniq; Type: CONSTRAINT; Schema: public; Owner: ming_group_user
--

ALTER TABLE ONLY public.auth_group_permissions
    ADD CONSTRAINT auth_group_permissions_group_id_permission_id_0cd325b0_uniq UNIQUE (group_id, permission_id);


--
-- Name: auth_group_permissions auth_group_permissions_pkey; Type: CONSTRAINT; Schema: public; Owner: ming_group_user
--

ALTER TABLE ONLY public.auth_group_permissions
    ADD CONSTRAINT auth_group_permissions_pkey PRIMARY KEY (id);


--
-- Name: auth_group auth_group_pkey; Type: CONSTRAINT; Schema: public; Owner: ming_group_user
--

ALTER TABLE ONLY public.auth_group
    ADD CONSTRAINT auth_group_pkey PRIMARY KEY (id);


--
-- Name: auth_permission auth_permission_content_type_id_codename_01ab375a_uniq; Type: CONSTRAINT; Schema: public; Owner: ming_group_user
--

ALTER TABLE ONLY public.auth_permission
    ADD CONSTRAINT auth_permission_content_type_id_codename_01ab375a_uniq UNIQUE (content_type_id, codename);


--
-- Name: auth_permission auth_permission_pkey; Type: CONSTRAINT; Schema: public; Owner: ming_group_user
--

ALTER TABLE ONLY public.auth_permission
    ADD CONSTRAINT auth_permission_pkey PRIMARY KEY (id);


--
-- Name: auth_user_groups auth_user_groups_pkey; Type: CONSTRAINT; Schema: public; Owner: ming_group_user
--

ALTER TABLE ONLY public.auth_user_groups
    ADD CONSTRAINT auth_user_groups_pkey PRIMARY KEY (id);


--
-- Name: auth_user_groups auth_user_groups_user_id_group_id_94350c0c_uniq; Type: CONSTRAINT; Schema: public; Owner: ming_group_user
--

ALTER TABLE ONLY public.auth_user_groups
    ADD CONSTRAINT auth_user_groups_user_id_group_id_94350c0c_uniq UNIQUE (user_id, group_id);


--
-- Name: auth_user auth_user_pkey; Type: CONSTRAINT; Schema: public; Owner: ming_group_user
--

ALTER TABLE ONLY public.auth_user
    ADD CONSTRAINT auth_user_pkey PRIMARY KEY (id);


--
-- Name: auth_user_user_permissions auth_user_user_permissions_pkey; Type: CONSTRAINT; Schema: public; Owner: ming_group_user
--

ALTER TABLE ONLY public.auth_user_user_permissions
    ADD CONSTRAINT auth_user_user_permissions_pkey PRIMARY KEY (id);


--
-- Name: auth_user_user_permissions auth_user_user_permissions_user_id_permission_id_14a6b632_uniq; Type: CONSTRAINT; Schema: public; Owner: ming_group_user
--

ALTER TABLE ONLY public.auth_user_user_permissions
    ADD CONSTRAINT auth_user_user_permissions_user_id_permission_id_14a6b632_uniq UNIQUE (user_id, permission_id);


--
-- Name: auth_user auth_user_username_key; Type: CONSTRAINT; Schema: public; Owner: ming_group_user
--

ALTER TABLE ONLY public.auth_user
    ADD CONSTRAINT auth_user_username_key UNIQUE (username);


--
-- Name: companies_companymodel companies_companymodel_pkey; Type: CONSTRAINT; Schema: public; Owner: ming_group_user
--

ALTER TABLE ONLY public.companies_companymodel
    ADD CONSTRAINT companies_companymodel_pkey PRIMARY KEY (id);


--
-- Name: companies_companymodel companies_companymodel_title_key; Type: CONSTRAINT; Schema: public; Owner: ming_group_user
--

ALTER TABLE ONLY public.companies_companymodel
    ADD CONSTRAINT companies_companymodel_title_key UNIQUE (title);


--
-- Name: companies_footercontentmodel companies_footercontent_pkey; Type: CONSTRAINT; Schema: public; Owner: ming_group_user
--

ALTER TABLE ONLY public.companies_footercontentmodel
    ADD CONSTRAINT companies_footercontent_pkey PRIMARY KEY (id);


--
-- Name: companies_groupmodel companies_groupmodel_name_key; Type: CONSTRAINT; Schema: public; Owner: ming_group_user
--

ALTER TABLE ONLY public.companies_groupmodel
    ADD CONSTRAINT companies_groupmodel_name_key UNIQUE (name);


--
-- Name: companies_groupmodel companies_groupmodel_pkey; Type: CONSTRAINT; Schema: public; Owner: ming_group_user
--

ALTER TABLE ONLY public.companies_groupmodel
    ADD CONSTRAINT companies_groupmodel_pkey PRIMARY KEY (id);


--
-- Name: companies_homepagecontentmodel companies_homepagecontentmodel_pkey; Type: CONSTRAINT; Schema: public; Owner: ming_group_user
--

ALTER TABLE ONLY public.companies_homepagecontentmodel
    ADD CONSTRAINT companies_homepagecontentmodel_pkey PRIMARY KEY (id);


--
-- Name: companies_maincompanymodel companies_maincompanymodel_pkey; Type: CONSTRAINT; Schema: public; Owner: ming_group_user
--

ALTER TABLE ONLY public.companies_maincompanymodel
    ADD CONSTRAINT companies_maincompanymodel_pkey PRIMARY KEY (id);


--
-- Name: companies_maincompanymodel companies_maincompanymodel_title_key; Type: CONSTRAINT; Schema: public; Owner: ming_group_user
--

ALTER TABLE ONLY public.companies_maincompanymodel
    ADD CONSTRAINT companies_maincompanymodel_title_key UNIQUE (title);


--
-- Name: companies_storeaddressmodel companies_storeaddressmodel_pkey; Type: CONSTRAINT; Schema: public; Owner: ming_group_user
--

ALTER TABLE ONLY public.companies_storeaddressmodel
    ADD CONSTRAINT companies_storeaddressmodel_pkey PRIMARY KEY (id);


--
-- Name: companies_storegallerymodel companies_storegallerymodel_pkey; Type: CONSTRAINT; Schema: public; Owner: ming_group_user
--

ALTER TABLE ONLY public.companies_storegallerymodel
    ADD CONSTRAINT companies_storegallerymodel_pkey PRIMARY KEY (id);


--
-- Name: django_admin_log django_admin_log_pkey; Type: CONSTRAINT; Schema: public; Owner: ming_group_user
--

ALTER TABLE ONLY public.django_admin_log
    ADD CONSTRAINT django_admin_log_pkey PRIMARY KEY (id);


--
-- Name: django_content_type django_content_type_app_label_model_76bd3d3b_uniq; Type: CONSTRAINT; Schema: public; Owner: ming_group_user
--

ALTER TABLE ONLY public.django_content_type
    ADD CONSTRAINT django_content_type_app_label_model_76bd3d3b_uniq UNIQUE (app_label, model);


--
-- Name: django_content_type django_content_type_pkey; Type: CONSTRAINT; Schema: public; Owner: ming_group_user
--

ALTER TABLE ONLY public.django_content_type
    ADD CONSTRAINT django_content_type_pkey PRIMARY KEY (id);


--
-- Name: django_migrations django_migrations_pkey; Type: CONSTRAINT; Schema: public; Owner: ming_group_user
--

ALTER TABLE ONLY public.django_migrations
    ADD CONSTRAINT django_migrations_pkey PRIMARY KEY (id);


--
-- Name: django_session django_session_pkey; Type: CONSTRAINT; Schema: public; Owner: ming_group_user
--

ALTER TABLE ONLY public.django_session
    ADD CONSTRAINT django_session_pkey PRIMARY KEY (session_key);


--
-- Name: auth_group_name_a6ea08ec_like; Type: INDEX; Schema: public; Owner: ming_group_user
--

CREATE INDEX auth_group_name_a6ea08ec_like ON public.auth_group USING btree (name varchar_pattern_ops);


--
-- Name: auth_group_permissions_group_id_b120cbf9; Type: INDEX; Schema: public; Owner: ming_group_user
--

CREATE INDEX auth_group_permissions_group_id_b120cbf9 ON public.auth_group_permissions USING btree (group_id);


--
-- Name: auth_group_permissions_permission_id_84c5c92e; Type: INDEX; Schema: public; Owner: ming_group_user
--

CREATE INDEX auth_group_permissions_permission_id_84c5c92e ON public.auth_group_permissions USING btree (permission_id);


--
-- Name: auth_permission_content_type_id_2f476e4b; Type: INDEX; Schema: public; Owner: ming_group_user
--

CREATE INDEX auth_permission_content_type_id_2f476e4b ON public.auth_permission USING btree (content_type_id);


--
-- Name: auth_user_groups_group_id_97559544; Type: INDEX; Schema: public; Owner: ming_group_user
--

CREATE INDEX auth_user_groups_group_id_97559544 ON public.auth_user_groups USING btree (group_id);


--
-- Name: auth_user_groups_user_id_6a12ed8b; Type: INDEX; Schema: public; Owner: ming_group_user
--

CREATE INDEX auth_user_groups_user_id_6a12ed8b ON public.auth_user_groups USING btree (user_id);


--
-- Name: auth_user_user_permissions_permission_id_1fbb5f2c; Type: INDEX; Schema: public; Owner: ming_group_user
--

CREATE INDEX auth_user_user_permissions_permission_id_1fbb5f2c ON public.auth_user_user_permissions USING btree (permission_id);


--
-- Name: auth_user_user_permissions_user_id_a95ead1b; Type: INDEX; Schema: public; Owner: ming_group_user
--

CREATE INDEX auth_user_user_permissions_user_id_a95ead1b ON public.auth_user_user_permissions USING btree (user_id);


--
-- Name: auth_user_username_6821ab7c_like; Type: INDEX; Schema: public; Owner: ming_group_user
--

CREATE INDEX auth_user_username_6821ab7c_like ON public.auth_user USING btree (username varchar_pattern_ops);


--
-- Name: companies_companymodel_group_id_08e6c148; Type: INDEX; Schema: public; Owner: ming_group_user
--

CREATE INDEX companies_companymodel_group_id_08e6c148 ON public.companies_companymodel USING btree (group_id);


--
-- Name: companies_companymodel_title_ab9bf061_like; Type: INDEX; Schema: public; Owner: ming_group_user
--

CREATE INDEX companies_companymodel_title_ab9bf061_like ON public.companies_companymodel USING btree (title varchar_pattern_ops);


--
-- Name: companies_groupmodel_name_f723d3a9_like; Type: INDEX; Schema: public; Owner: ming_group_user
--

CREATE INDEX companies_groupmodel_name_f723d3a9_like ON public.companies_groupmodel USING btree (name varchar_pattern_ops);


--
-- Name: companies_maincompanymodel_title_4aa935cc_like; Type: INDEX; Schema: public; Owner: ming_group_user
--

CREATE INDEX companies_maincompanymodel_title_4aa935cc_like ON public.companies_maincompanymodel USING btree (title varchar_pattern_ops);


--
-- Name: companies_storeaddressmodel_company_id_6a67b79b; Type: INDEX; Schema: public; Owner: ming_group_user
--

CREATE INDEX companies_storeaddressmodel_company_id_6a67b79b ON public.companies_storeaddressmodel USING btree (company_id);


--
-- Name: companies_storegallerymodel_store_id_4156495b; Type: INDEX; Schema: public; Owner: ming_group_user
--

CREATE INDEX companies_storegallerymodel_store_id_4156495b ON public.companies_storegallerymodel USING btree (store_id);


--
-- Name: django_admin_log_content_type_id_c4bce8eb; Type: INDEX; Schema: public; Owner: ming_group_user
--

CREATE INDEX django_admin_log_content_type_id_c4bce8eb ON public.django_admin_log USING btree (content_type_id);


--
-- Name: django_admin_log_user_id_c564eba6; Type: INDEX; Schema: public; Owner: ming_group_user
--

CREATE INDEX django_admin_log_user_id_c564eba6 ON public.django_admin_log USING btree (user_id);


--
-- Name: django_session_expire_date_a5c62663; Type: INDEX; Schema: public; Owner: ming_group_user
--

CREATE INDEX django_session_expire_date_a5c62663 ON public.django_session USING btree (expire_date);


--
-- Name: django_session_session_key_c0390e0f_like; Type: INDEX; Schema: public; Owner: ming_group_user
--

CREATE INDEX django_session_session_key_c0390e0f_like ON public.django_session USING btree (session_key varchar_pattern_ops);


--
-- Name: auth_group_permissions auth_group_permissio_permission_id_84c5c92e_fk_auth_perm; Type: FK CONSTRAINT; Schema: public; Owner: ming_group_user
--

ALTER TABLE ONLY public.auth_group_permissions
    ADD CONSTRAINT auth_group_permissio_permission_id_84c5c92e_fk_auth_perm FOREIGN KEY (permission_id) REFERENCES public.auth_permission(id) DEFERRABLE INITIALLY DEFERRED;


--
-- Name: auth_group_permissions auth_group_permissions_group_id_b120cbf9_fk_auth_group_id; Type: FK CONSTRAINT; Schema: public; Owner: ming_group_user
--

ALTER TABLE ONLY public.auth_group_permissions
    ADD CONSTRAINT auth_group_permissions_group_id_b120cbf9_fk_auth_group_id FOREIGN KEY (group_id) REFERENCES public.auth_group(id) DEFERRABLE INITIALLY DEFERRED;


--
-- Name: auth_permission auth_permission_content_type_id_2f476e4b_fk_django_co; Type: FK CONSTRAINT; Schema: public; Owner: ming_group_user
--

ALTER TABLE ONLY public.auth_permission
    ADD CONSTRAINT auth_permission_content_type_id_2f476e4b_fk_django_co FOREIGN KEY (content_type_id) REFERENCES public.django_content_type(id) DEFERRABLE INITIALLY DEFERRED;


--
-- Name: auth_user_groups auth_user_groups_group_id_97559544_fk_auth_group_id; Type: FK CONSTRAINT; Schema: public; Owner: ming_group_user
--

ALTER TABLE ONLY public.auth_user_groups
    ADD CONSTRAINT auth_user_groups_group_id_97559544_fk_auth_group_id FOREIGN KEY (group_id) REFERENCES public.auth_group(id) DEFERRABLE INITIALLY DEFERRED;


--
-- Name: auth_user_groups auth_user_groups_user_id_6a12ed8b_fk_auth_user_id; Type: FK CONSTRAINT; Schema: public; Owner: ming_group_user
--

ALTER TABLE ONLY public.auth_user_groups
    ADD CONSTRAINT auth_user_groups_user_id_6a12ed8b_fk_auth_user_id FOREIGN KEY (user_id) REFERENCES public.auth_user(id) DEFERRABLE INITIALLY DEFERRED;


--
-- Name: auth_user_user_permissions auth_user_user_permi_permission_id_1fbb5f2c_fk_auth_perm; Type: FK CONSTRAINT; Schema: public; Owner: ming_group_user
--

ALTER TABLE ONLY public.auth_user_user_permissions
    ADD CONSTRAINT auth_user_user_permi_permission_id_1fbb5f2c_fk_auth_perm FOREIGN KEY (permission_id) REFERENCES public.auth_permission(id) DEFERRABLE INITIALLY DEFERRED;


--
-- Name: auth_user_user_permissions auth_user_user_permissions_user_id_a95ead1b_fk_auth_user_id; Type: FK CONSTRAINT; Schema: public; Owner: ming_group_user
--

ALTER TABLE ONLY public.auth_user_user_permissions
    ADD CONSTRAINT auth_user_user_permissions_user_id_a95ead1b_fk_auth_user_id FOREIGN KEY (user_id) REFERENCES public.auth_user(id) DEFERRABLE INITIALLY DEFERRED;


--
-- Name: companies_companymodel companies_companymod_group_id_08e6c148_fk_companies; Type: FK CONSTRAINT; Schema: public; Owner: ming_group_user
--

ALTER TABLE ONLY public.companies_companymodel
    ADD CONSTRAINT companies_companymod_group_id_08e6c148_fk_companies FOREIGN KEY (group_id) REFERENCES public.companies_groupmodel(id) DEFERRABLE INITIALLY DEFERRED;


--
-- Name: companies_storeaddressmodel companies_storeaddre_company_id_6a67b79b_fk_companies; Type: FK CONSTRAINT; Schema: public; Owner: ming_group_user
--

ALTER TABLE ONLY public.companies_storeaddressmodel
    ADD CONSTRAINT companies_storeaddre_company_id_6a67b79b_fk_companies FOREIGN KEY (company_id) REFERENCES public.companies_companymodel(id) DEFERRABLE INITIALLY DEFERRED;


--
-- Name: companies_storegallerymodel companies_storegalle_store_id_4156495b_fk_companies; Type: FK CONSTRAINT; Schema: public; Owner: ming_group_user
--

ALTER TABLE ONLY public.companies_storegallerymodel
    ADD CONSTRAINT companies_storegalle_store_id_4156495b_fk_companies FOREIGN KEY (store_id) REFERENCES public.companies_storeaddressmodel(id) DEFERRABLE INITIALLY DEFERRED;


--
-- Name: django_admin_log django_admin_log_content_type_id_c4bce8eb_fk_django_co; Type: FK CONSTRAINT; Schema: public; Owner: ming_group_user
--

ALTER TABLE ONLY public.django_admin_log
    ADD CONSTRAINT django_admin_log_content_type_id_c4bce8eb_fk_django_co FOREIGN KEY (content_type_id) REFERENCES public.django_content_type(id) DEFERRABLE INITIALLY DEFERRED;


--
-- Name: django_admin_log django_admin_log_user_id_c564eba6_fk_auth_user_id; Type: FK CONSTRAINT; Schema: public; Owner: ming_group_user
--

ALTER TABLE ONLY public.django_admin_log
    ADD CONSTRAINT django_admin_log_user_id_c564eba6_fk_auth_user_id FOREIGN KEY (user_id) REFERENCES public.auth_user(id) DEFERRABLE INITIALLY DEFERRED;


--
-- PostgreSQL database dump complete
--

